UserID,Name,AgeGroup,Occupation,Username,Password
1,이민수,60대 이상,서비스직,user1,pass1
2,장지훈,50대,주부,user2,pass2
3,최준형,30대,무직,user3,pass3
4,이지원,60대 이상,사무직,user4,pass4
5,이유진,20대,자영업자,user5,pass5
6,정민수,50대,서비스직,user6,pass6
7,김서윤,40대,사무직,user7,pass7
8,최지훈,50대,자영업자,user8,pass8
9,한유진,60대 이상,서비스직,user9,pass9
10,김지원,10대,서비스직,user10,pass10
11,최지원,40대,무직,user11,pass11
12,정지훈,60대 이상,무직,user12,pass12
13,임유진,50대,무직,user13,pass13
14,장민수,30대,자영업자,user14,pass14
15,박혜린,60대 이상,주부,user15,pass15
16,윤민정,30대,기타,user16,pass16
17,박지훈,40대,사무직,user17,pass17
18,윤서윤,20대,서비스직,user18,pass18
19,이혜린,60대 이상,자영업자,user19,pass19
20,이지후,40대,서비스직,user20,pass20
21,윤유진,30대,기타,user21,pass21
22,장민수,40대,기타,user22,pass22
23,임지원,10대,자영업자,user23,pass23
24,이혜린,60대 이상,서비스직,user24,pass24
25,이지원,10대,학생,user25,pass25
26,장유진,20대,주부,user26,pass26
27,윤유진,40대,사무직,user27,pass27
28,최서윤,40대,주부,user28,pass28
29,김지훈,40대,주부,user29,pass29
30,장서윤,40대,사무직,user30,pass30
31,최서윤,20대,무직,user31,pass31
32,정민정,30대,기타,user32,pass32
33,임지후,50대,주부,user33,pass33
34,박지후,20대,학생,user34,pass34
35,윤지훈,30대,무직,user35,pass35
36,장서윤,60대 이상,자영업자,user36,pass36
37,권준형,30대,무직,user37,pass37
38,한지훈,60대 이상,사무직,user38,pass38
39,박도연,30대,자영업자,user39,pass39
40,정민정,40대,기타,user40,pass40
41,한지훈,20대,서비스직,user41,pass41
42,윤민수,30대,기타,user42,pass42
43,최민수,50대,무직,user43,pass43
44,윤혜린,50대,학생,user44,pass44
45,장서윤,10대,기타,user45,pass45
46,최유진,30대,기타,user46,pass46
47,윤지훈,20대,기타,user47,pass47
48,임혜린,40대,기타,user48,pass48
49,임준형,10대,자영업자,user49,pass49
50,장준형,30대,무직,user50,pass50
51,최지원,40대,자영업자,user51,pass51
52,한민정,20대,사무직,user52,pass52
53,권혜린,20대,무직,user53,pass53
54,권혜린,10대,서비스직,user54,pass54
55,윤지훈,10대,사무직,user55,pass55
56,박지원,30대,서비스직,user56,pass56
57,임서윤,40대,무직,user57,pass57
58,김서윤,50대,사무직,user58,pass58
59,박준형,40대,무직,user59,pass59
60,정유진,20대,자영업자,user60,pass60
61,이혜린,20대,기타,user61,pass61
62,정유진,30대,자영업자,user62,pass62
63,임지원,50대,학생,user63,pass63
64,장지원,60대 이상,자영업자,user64,pass64
65,김서윤,30대,주부,user65,pass65
66,한민정,20대,자영업자,user66,pass66
67,윤서윤,20대,주부,user67,pass67
68,장혜린,40대,자영업자,user68,pass68
69,박도연,50대,주부,user69,pass69
70,김민정,40대,주부,user70,pass70
71,한준형,40대,기타,user71,pass71
72,한서윤,30대,무직,user72,pass72
73,장지원,40대,자영업자,user73,pass73
74,권지훈,10대,주부,user74,pass74
75,박지후,10대,학생,user75,pass75
76,박지원,40대,기타,user76,pass76
77,한민수,50대,서비스직,user77,pass77
78,권지후,40대,무직,user78,pass78
79,임민수,20대,기타,user79,pass79
80,이지후,20대,주부,user80,pass80
81,장지훈,50대,주부,user81,pass81
82,김지훈,30대,무직,user82,pass82
83,권서윤,10대,학생,user83,pass83
84,이도연,10대,학생,user84,pass84
85,이지원,30대,기타,user85,pass85
86,박준형,40대,사무직,user86,pass86
87,임지원,50대,무직,user87,pass87
88,박민정,60대 이상,무직,user88,pass88
89,한유진,60대 이상,서비스직,user89,pass89
90,정지훈,40대,사무직,user90,pass90
91,한지훈,30대,무직,user91,pass91
92,장혜린,50대,주부,user92,pass92
93,윤도연,10대,학생,user93,pass93
94,한도연,10대,주부,user94,pass94
95,이지훈,40대,무직,user95,pass95
96,최서윤,20대,무직,user96,pass96
97,윤민수,30대,무직,user97,pass97
98,권지원,60대 이상,자영업자,user98,pass98
99,최유진,30대,기타,user99,pass99
100,최민수,40대,서비스직,user100,pass100
101,이민수,30대,기타,user101,pass101
102,최서윤,10대,자영업자,user102,pass102
103,김지후,40대,학생,user103,pass103
104,이지원,10대,학생,user104,pass104
105,최민정,50대,학생,user105,pass105
106,임지훈,50대,서비스직,user106,pass106
107,한준형,20대,사무직,user107,pass107
108,권유진,30대,주부,user108,pass108
109,임지훈,50대,무직,user109,pass109
110,임혜린,30대,주부,user110,pass110
111,최서윤,10대,주부,user111,pass111
112,이혜린,40대,주부,user112,pass112
113,윤혜린,50대,무직,user113,pass113
114,정도연,40대,주부,user114,pass114
115,김서윤,50대,사무직,user115,pass115
116,김혜린,30대,자영업자,user116,pass116
117,윤서윤,50대,서비스직,user117,pass117
118,최지훈,60대 이상,자영업자,user118,pass118
119,최지원,50대,자영업자,user119,pass119
120,임준형,10대,기타,user120,pass120
121,정준형,20대,무직,user121,pass121
122,장도연,10대,주부,user122,pass122
123,최서윤,40대,무직,user123,pass123
124,임지원,30대,주부,user124,pass124
125,이민수,30대,사무직,user125,pass125
126,한민수,50대,서비스직,user126,pass126
127,이지훈,30대,학생,user127,pass127
128,박혜린,20대,자영업자,user128,pass128
129,임도연,20대,학생,user129,pass129
130,최혜린,50대,서비스직,user130,pass130
131,김준형,50대,자영업자,user131,pass131
132,정민수,40대,학생,user132,pass132
133,정민정,50대,학생,user133,pass133
134,임민정,10대,기타,user134,pass134
135,정지원,10대,무직,user135,pass135
136,임준형,10대,사무직,user136,pass136
137,최민정,20대,서비스직,user137,pass137
138,최민수,60대 이상,서비스직,user138,pass138
139,권지원,30대,서비스직,user139,pass139
140,김지후,40대,자영업자,user140,pass140
141,김민수,50대,기타,user141,pass141
142,권도연,40대,사무직,user142,pass142
143,한지원,20대,주부,user143,pass143
144,박민수,50대,자영업자,user144,pass144
145,한서윤,50대,서비스직,user145,pass145
146,박서윤,20대,자영업자,user146,pass146
147,권서윤,30대,학생,user147,pass147
148,최혜린,50대,자영업자,user148,pass148
149,이유진,30대,무직,user149,pass149
150,최유진,20대,무직,user150,pass150
151,권민수,40대,자영업자,user151,pass151
152,권서윤,50대,서비스직,user152,pass152
153,정유진,60대 이상,학생,user153,pass153
154,권지원,30대,서비스직,user154,pass154
155,윤민정,50대,학생,user155,pass155
156,최지후,30대,기타,user156,pass156
157,최민정,50대,무직,user157,pass157
158,정준형,50대,학생,user158,pass158
159,장도연,50대,학생,user159,pass159
160,윤서윤,40대,기타,user160,pass160
161,김도연,60대 이상,서비스직,user161,pass161
162,권유진,50대,무직,user162,pass162
163,이서윤,30대,학생,user163,pass163
164,한지훈,40대,무직,user164,pass164
165,한민정,10대,기타,user165,pass165
166,박지후,30대,사무직,user166,pass166
167,이지훈,30대,무직,user167,pass167
168,윤민정,60대 이상,사무직,user168,pass168
169,박도연,10대,주부,user169,pass169
170,한민정,40대,사무직,user170,pass170
171,권지원,50대,주부,user171,pass171
172,김지원,30대,사무직,user172,pass172
173,장서윤,60대 이상,서비스직,user173,pass173
174,박민정,60대 이상,주부,user174,pass174
175,이서윤,60대 이상,자영업자,user175,pass175
176,한준형,10대,자영업자,user176,pass176
177,장민정,50대,사무직,user177,pass177
178,권지훈,40대,기타,user178,pass178
179,윤지훈,30대,자영업자,user179,pass179
180,장지원,60대 이상,무직,user180,pass180
181,임민정,50대,사무직,user181,pass181
182,김서윤,50대,사무직,user182,pass182
183,정민정,20대,무직,user183,pass183
184,김민수,60대 이상,무직,user184,pass184
185,윤준형,10대,자영업자,user185,pass185
186,장준형,50대,자영업자,user186,pass186
187,임지원,40대,학생,user187,pass187
188,정지원,20대,무직,user188,pass188
189,김서윤,50대,주부,user189,pass189
190,이준형,60대 이상,사무직,user190,pass190
191,한민수,60대 이상,자영업자,user191,pass191
192,윤유진,50대,주부,user192,pass192
193,한준형,40대,자영업자,user193,pass193
194,정준형,20대,자영업자,user194,pass194
195,김민정,60대 이상,학생,user195,pass195
196,윤민수,20대,무직,user196,pass196
197,윤지훈,10대,사무직,user197,pass197
198,최서윤,50대,사무직,user198,pass198
199,윤지원,60대 이상,서비스직,user199,pass199
200,정유진,10대,기타,user200,pass200
201,박지훈,20대,무직,user201,pass201
202,박준형,10대,기타,user202,pass202
203,정민수,40대,기타,user203,pass203
204,박지후,30대,학생,user204,pass204
205,정지훈,40대,주부,user205,pass205
206,장준형,20대,학생,user206,pass206
207,이혜린,40대,기타,user207,pass207
208,김도연,60대 이상,기타,user208,pass208
209,최지훈,20대,주부,user209,pass209
210,임지후,40대,사무직,user210,pass210
211,장지훈,50대,서비스직,user211,pass211
212,최민수,50대,서비스직,user212,pass212
213,최혜린,40대,사무직,user213,pass213
214,윤민정,60대 이상,자영업자,user214,pass214
215,이민정,60대 이상,학생,user215,pass215
216,윤지원,10대,서비스직,user216,pass216
217,정지원,60대 이상,무직,user217,pass217
218,윤민수,20대,기타,user218,pass218
219,이민정,50대,자영업자,user219,pass219
220,박유진,20대,주부,user220,pass220
221,장민수,50대,무직,user221,pass221
222,이유진,30대,서비스직,user222,pass222
223,정지후,60대 이상,주부,user223,pass223
224,윤혜린,40대,자영업자,user224,pass224
225,권지원,50대,주부,user225,pass225
226,이혜린,40대,자영업자,user226,pass226
227,권지훈,30대,주부,user227,pass227
228,장민수,20대,학생,user228,pass228
229,정민수,40대,서비스직,user229,pass229
230,한지원,50대,서비스직,user230,pass230
231,최지후,30대,기타,user231,pass231
232,정서윤,50대,자영업자,user232,pass232
233,윤유진,30대,주부,user233,pass233
234,윤서윤,60대 이상,사무직,user234,pass234
235,장지원,60대 이상,기타,user235,pass235
236,장혜린,60대 이상,무직,user236,pass236
237,윤혜린,60대 이상,무직,user237,pass237
238,장지원,60대 이상,기타,user238,pass238
239,박지훈,30대,서비스직,user239,pass239
240,정혜린,50대,주부,user240,pass240
241,박유진,40대,주부,user241,pass241
242,권민정,20대,학생,user242,pass242
243,정지원,20대,무직,user243,pass243
244,김민정,30대,사무직,user244,pass244
245,장지훈,50대,서비스직,user245,pass245
246,정유진,30대,학생,user246,pass246
247,권지후,20대,사무직,user247,pass247
248,임도연,30대,서비스직,user248,pass248
249,임지훈,30대,학생,user249,pass249
250,한도연,60대 이상,사무직,user250,pass250
251,박서윤,20대,서비스직,user251,pass251
252,장지원,60대 이상,무직,user252,pass252
253,권지후,60대 이상,사무직,user253,pass253
254,이지훈,40대,주부,user254,pass254
255,장지훈,30대,자영업자,user255,pass255
256,최준형,40대,자영업자,user256,pass256
257,김민수,30대,주부,user257,pass257
258,최도연,50대,사무직,user258,pass258
259,권서윤,60대 이상,주부,user259,pass259
260,임혜린,30대,자영업자,user260,pass260
261,권지훈,30대,자영업자,user261,pass261
262,정도연,10대,사무직,user262,pass262
263,정지훈,50대,자영업자,user263,pass263
264,박민수,60대 이상,무직,user264,pass264
265,이혜린,50대,주부,user265,pass265
266,최준형,40대,무직,user266,pass266
267,한도연,40대,무직,user267,pass267
268,김지원,30대,사무직,user268,pass268
269,최서윤,20대,주부,user269,pass269
270,임준형,30대,사무직,user270,pass270
271,임지원,10대,자영업자,user271,pass271
272,한유진,30대,서비스직,user272,pass272
273,윤도연,60대 이상,사무직,user273,pass273
274,권지원,10대,사무직,user274,pass274
275,정지원,30대,서비스직,user275,pass275
276,임준형,40대,기타,user276,pass276
277,임도연,60대 이상,자영업자,user277,pass277
278,장지훈,30대,주부,user278,pass278
279,장지원,60대 이상,학생,user279,pass279
280,임지훈,40대,기타,user280,pass280
281,장도연,20대,서비스직,user281,pass281
282,이민정,20대,학생,user282,pass282
283,최민정,50대,자영업자,user283,pass283
284,윤지후,30대,사무직,user284,pass284
285,한서윤,50대,사무직,user285,pass285
286,박준형,60대 이상,기타,user286,pass286
287,최혜린,30대,자영업자,user287,pass287
288,박지훈,20대,주부,user288,pass288
289,이혜린,10대,주부,user289,pass289
290,정지후,50대,무직,user290,pass290
291,한도연,60대 이상,자영업자,user291,pass291
292,정민수,50대,자영업자,user292,pass292
293,최혜린,20대,무직,user293,pass293
294,정유진,20대,자영업자,user294,pass294
295,김유진,10대,자영업자,user295,pass295
296,정도연,60대 이상,무직,user296,pass296
297,김지후,50대,기타,user297,pass297
298,장혜린,20대,자영업자,user298,pass298
299,정지원,60대 이상,자영업자,user299,pass299
300,한유진,20대,사무직,user300,pass300
301,최도연,10대,학생,user301,pass301
302,최민정,10대,주부,user302,pass302
303,정도연,40대,학생,user303,pass303
304,김혜린,30대,기타,user304,pass304
305,윤혜린,60대 이상,기타,user305,pass305
306,박도연,40대,사무직,user306,pass306
307,박유진,10대,서비스직,user307,pass307
308,한민수,60대 이상,학생,user308,pass308
309,정유진,20대,서비스직,user309,pass309
310,권민수,10대,사무직,user310,pass310
311,이혜린,50대,주부,user311,pass311
312,박도연,20대,서비스직,user312,pass312
313,박민수,40대,사무직,user313,pass313
314,장혜린,60대 이상,기타,user314,pass314
315,윤지훈,40대,자영업자,user315,pass315
316,임지후,40대,주부,user316,pass316
317,윤혜린,60대 이상,무직,user317,pass317
318,장혜린,20대,기타,user318,pass318
319,장서윤,30대,기타,user319,pass319
320,임민수,30대,자영업자,user320,pass320
321,한민수,30대,주부,user321,pass321
322,윤지훈,60대 이상,주부,user322,pass322
323,이민수,10대,학생,user323,pass323
324,김지훈,10대,주부,user324,pass324
325,최민수,60대 이상,학생,user325,pass325
326,권준형,50대,서비스직,user326,pass326
327,최준형,20대,기타,user327,pass327
328,임서윤,50대,주부,user328,pass328
329,권지훈,60대 이상,기타,user329,pass329
330,임민정,60대 이상,서비스직,user330,pass330
331,윤준형,10대,주부,user331,pass331
332,권유진,20대,기타,user332,pass332
333,이준형,40대,기타,user333,pass333
334,장서윤,20대,학생,user334,pass334
335,권민수,10대,기타,user335,pass335
336,장유진,40대,무직,user336,pass336
337,정혜린,40대,자영업자,user337,pass337
338,최서윤,20대,주부,user338,pass338
339,권지훈,60대 이상,사무직,user339,pass339
340,이민정,30대,자영업자,user340,pass340
341,권서윤,10대,학생,user341,pass341
342,권민수,10대,무직,user342,pass342
343,윤지원,30대,기타,user343,pass343
344,정지후,50대,무직,user344,pass344
345,이지원,50대,기타,user345,pass345
346,윤민수,10대,사무직,user346,pass346
347,정도연,30대,서비스직,user347,pass347
348,이혜린,30대,기타,user348,pass348
349,윤도연,40대,학생,user349,pass349
350,박혜린,60대 이상,자영업자,user350,pass350
351,박지원,50대,서비스직,user351,pass351
352,장유진,50대,서비스직,user352,pass352
353,한도연,40대,기타,user353,pass353
354,임혜린,20대,기타,user354,pass354
355,권민정,50대,학생,user355,pass355
356,윤지훈,40대,자영업자,user356,pass356
357,이민정,30대,기타,user357,pass357
358,임지훈,20대,학생,user358,pass358
359,임유진,10대,기타,user359,pass359
360,권혜린,30대,기타,user360,pass360
361,윤민수,20대,사무직,user361,pass361
362,임지후,60대 이상,사무직,user362,pass362
363,박도연,40대,기타,user363,pass363
364,최지후,60대 이상,무직,user364,pass364
365,장지후,30대,주부,user365,pass365
366,장유진,60대 이상,무직,user366,pass366
367,장지원,20대,서비스직,user367,pass367
368,김지원,10대,기타,user368,pass368
369,최서윤,60대 이상,무직,user369,pass369
370,최혜린,30대,주부,user370,pass370
371,임지원,30대,무직,user371,pass371
372,최도연,50대,자영업자,user372,pass372
373,임도연,60대 이상,사무직,user373,pass373
374,김서윤,20대,주부,user374,pass374
375,장지훈,20대,사무직,user375,pass375
376,정지훈,50대,기타,user376,pass376
377,장유진,60대 이상,사무직,user377,pass377
378,윤도연,40대,기타,user378,pass378
379,한지원,40대,사무직,user379,pass379
380,윤혜린,50대,기타,user380,pass380
381,한지후,30대,학생,user381,pass381
382,윤도연,10대,주부,user382,pass382
383,장민정,40대,서비스직,user383,pass383
384,장지훈,60대 이상,주부,user384,pass384
385,이지훈,10대,서비스직,user385,pass385
386,윤서윤,20대,주부,user386,pass386
387,한준형,20대,주부,user387,pass387
388,최지훈,40대,사무직,user388,pass388
389,임민정,30대,서비스직,user389,pass389
390,권지원,20대,무직,user390,pass390
391,권민정,10대,서비스직,user391,pass391
392,이지훈,30대,서비스직,user392,pass392
393,장지훈,40대,주부,user393,pass393
394,윤준형,20대,서비스직,user394,pass394
395,장민수,40대,기타,user395,pass395
396,한준형,30대,주부,user396,pass396
397,장민수,30대,무직,user397,pass397
398,김지원,30대,기타,user398,pass398
399,장준형,50대,학생,user399,pass399
400,임서윤,60대 이상,사무직,user400,pass400
401,김유진,50대,기타,user401,pass401
402,장도연,10대,기타,user402,pass402
403,임도연,30대,자영업자,user403,pass403
404,윤준형,60대 이상,학생,user404,pass404
405,김민정,30대,서비스직,user405,pass405
406,임서윤,60대 이상,기타,user406,pass406
407,이혜린,20대,무직,user407,pass407
408,임서윤,10대,사무직,user408,pass408
409,권민수,60대 이상,무직,user409,pass409
410,박준형,10대,기타,user410,pass410
411,권민정,40대,사무직,user411,pass411
412,이지훈,30대,사무직,user412,pass412
413,이지원,20대,사무직,user413,pass413
414,정유진,40대,무직,user414,pass414
415,권유진,60대 이상,서비스직,user415,pass415
416,최지원,50대,기타,user416,pass416
417,정도연,60대 이상,사무직,user417,pass417
418,임민정,30대,기타,user418,pass418
419,권혜린,60대 이상,기타,user419,pass419
420,장유진,10대,무직,user420,pass420
421,권민수,60대 이상,자영업자,user421,pass421
422,권서윤,30대,자영업자,user422,pass422
423,최지훈,30대,사무직,user423,pass423
424,장서윤,50대,주부,user424,pass424
425,박지훈,20대,무직,user425,pass425
426,박지원,20대,서비스직,user426,pass426
427,이준형,20대,무직,user427,pass427
428,김혜린,40대,자영업자,user428,pass428
429,임유진,20대,자영업자,user429,pass429
430,임민정,40대,자영업자,user430,pass430
431,김지훈,60대 이상,학생,user431,pass431
432,장민정,50대,무직,user432,pass432
433,임서윤,30대,기타,user433,pass433
434,최민정,40대,기타,user434,pass434
435,권지훈,60대 이상,학생,user435,pass435
436,정서윤,50대,자영업자,user436,pass436
437,한지훈,40대,주부,user437,pass437
438,박민정,50대,무직,user438,pass438
439,박서윤,60대 이상,서비스직,user439,pass439
440,김준형,20대,무직,user440,pass440
441,장유진,20대,서비스직,user441,pass441
442,권민정,60대 이상,자영업자,user442,pass442
443,임서윤,50대,자영업자,user443,pass443
444,임민정,10대,서비스직,user444,pass444
445,정민정,50대,주부,user445,pass445
446,한지원,40대,학생,user446,pass446
447,임도연,50대,기타,user447,pass447
448,이유진,60대 이상,기타,user448,pass448
449,김혜린,30대,기타,user449,pass449
450,윤유진,10대,무직,user450,pass450
451,장민수,50대,학생,user451,pass451
452,이지훈,10대,무직,user452,pass452
453,권유진,10대,자영업자,user453,pass453
454,김민정,50대,무직,user454,pass454
455,권민수,50대,무직,user455,pass455
456,박도연,20대,무직,user456,pass456
457,한도연,50대,서비스직,user457,pass457
458,장준형,50대,기타,user458,pass458
459,권혜린,20대,학생,user459,pass459
460,임서윤,20대,기타,user460,pass460
461,임지후,30대,주부,user461,pass461
462,정지후,50대,자영업자,user462,pass462
463,윤서윤,40대,사무직,user463,pass463
464,박지후,10대,자영업자,user464,pass464
465,정도연,60대 이상,기타,user465,pass465
466,장혜린,20대,사무직,user466,pass466
467,한민수,60대 이상,자영업자,user467,pass467
468,임서윤,50대,서비스직,user468,pass468
469,윤민정,40대,서비스직,user469,pass469
470,윤서윤,10대,기타,user470,pass470
471,정지원,50대,서비스직,user471,pass471
472,김지원,40대,서비스직,user472,pass472
473,임혜린,10대,주부,user473,pass473
474,김지훈,40대,주부,user474,pass474
475,한지후,20대,사무직,user475,pass475
476,권도연,50대,주부,user476,pass476
477,임민수,40대,기타,user477,pass477
478,최민정,40대,자영업자,user478,pass478
479,한준형,50대,기타,user479,pass479
480,장도연,10대,서비스직,user480,pass480
481,임서윤,50대,무직,user481,pass481
482,김유진,40대,기타,user482,pass482
483,최준형,60대 이상,학생,user483,pass483
484,장지원,30대,학생,user484,pass484
485,김지원,60대 이상,학생,user485,pass485
486,정서윤,10대,무직,user486,pass486
487,최서윤,40대,기타,user487,pass487
488,임서윤,30대,기타,user488,pass488
489,박도연,10대,자영업자,user489,pass489
490,장지원,60대 이상,학생,user490,pass490
491,장혜린,20대,학생,user491,pass491
492,임도연,50대,기타,user492,pass492
493,최도연,10대,사무직,user493,pass493
494,한준형,10대,자영업자,user494,pass494
495,정지훈,40대,자영업자,user495,pass495
496,권지원,30대,학생,user496,pass496
497,박서윤,60대 이상,자영업자,user497,pass497
498,장혜린,10대,사무직,user498,pass498
499,윤지원,50대,무직,user499,pass499
500,장민수,10대,사무직,user500,pass500
501,장민정,10대,무직,user501,pass501
502,권유진,40대,서비스직,user502,pass502
503,임준형,10대,사무직,user503,pass503
504,임지원,30대,기타,user504,pass504
505,임지후,40대,서비스직,user505,pass505
506,윤지원,20대,학생,user506,pass506
507,한혜린,20대,무직,user507,pass507
508,임지후,60대 이상,서비스직,user508,pass508
509,최지훈,60대 이상,서비스직,user509,pass509
510,권혜린,60대 이상,학생,user510,pass510
511,최혜린,40대,서비스직,user511,pass511
512,김지후,30대,무직,user512,pass512
513,임혜린,40대,무직,user513,pass513
514,정준형,40대,사무직,user514,pass514
515,임민수,40대,학생,user515,pass515
516,박지원,40대,자영업자,user516,pass516
517,권지후,10대,무직,user517,pass517
518,이도연,60대 이상,서비스직,user518,pass518
519,이지원,60대 이상,무직,user519,pass519
520,임민수,50대,무직,user520,pass520
521,박혜린,20대,기타,user521,pass521
522,박서윤,60대 이상,사무직,user522,pass522
523,임민정,30대,자영업자,user523,pass523
524,윤유진,10대,무직,user524,pass524
525,정서윤,20대,학생,user525,pass525
526,윤지원,50대,무직,user526,pass526
527,정지후,40대,학생,user527,pass527
528,임지원,50대,학생,user528,pass528
529,김유진,20대,사무직,user529,pass529
530,이지훈,60대 이상,자영업자,user530,pass530
531,장지훈,20대,학생,user531,pass531
532,이혜린,10대,사무직,user532,pass532
533,이서윤,10대,주부,user533,pass533
534,임준형,30대,사무직,user534,pass534
535,장민수,40대,주부,user535,pass535
536,김지후,60대 이상,무직,user536,pass536
537,김민정,60대 이상,자영업자,user537,pass537
538,윤지후,50대,학생,user538,pass538
539,정준형,40대,학생,user539,pass539
540,최지원,50대,무직,user540,pass540
541,정유진,40대,서비스직,user541,pass541
542,박준형,20대,기타,user542,pass542
543,박서윤,20대,학생,user543,pass543
544,권혜린,40대,기타,user544,pass544
545,권지훈,30대,자영업자,user545,pass545
546,임유진,20대,무직,user546,pass546
547,박지훈,30대,사무직,user547,pass547
548,임민정,20대,자영업자,user548,pass548
549,임민정,60대 이상,학생,user549,pass549
550,김도연,10대,사무직,user550,pass550
551,장지원,10대,자영업자,user551,pass551
552,박서윤,60대 이상,학생,user552,pass552
553,임지후,40대,무직,user553,pass553
554,권민정,50대,기타,user554,pass554
555,정민정,10대,학생,user555,pass555
556,임민정,20대,학생,user556,pass556
557,최혜린,20대,서비스직,user557,pass557
558,임서윤,10대,서비스직,user558,pass558
559,최혜린,10대,서비스직,user559,pass559
560,권지후,50대,사무직,user560,pass560
561,권민정,10대,자영업자,user561,pass561
562,장민수,40대,기타,user562,pass562
563,정민정,50대,기타,user563,pass563
564,김유진,60대 이상,기타,user564,pass564
565,김유진,60대 이상,기타,user565,pass565
566,임민정,10대,사무직,user566,pass566
567,최유진,20대,무직,user567,pass567
568,윤지훈,60대 이상,무직,user568,pass568
569,최유진,10대,사무직,user569,pass569
570,장준형,40대,학생,user570,pass570
571,이민수,40대,주부,user571,pass571
572,장도연,20대,주부,user572,pass572
573,김유진,50대,학생,user573,pass573
574,윤준형,20대,주부,user574,pass574
575,이민정,10대,무직,user575,pass575
576,윤혜린,20대,사무직,user576,pass576
577,박지훈,50대,자영업자,user577,pass577
578,박지원,30대,서비스직,user578,pass578
579,윤지원,20대,무직,user579,pass579
580,한민정,60대 이상,사무직,user580,pass580
581,박민정,50대,무직,user581,pass581
582,임민정,30대,무직,user582,pass582
583,윤서윤,50대,사무직,user583,pass583
584,임서윤,50대,자영업자,user584,pass584
585,박지훈,60대 이상,주부,user585,pass585
586,정지원,30대,무직,user586,pass586
587,윤서윤,20대,자영업자,user587,pass587
588,정민수,30대,기타,user588,pass588
589,장지원,20대,사무직,user589,pass589
590,이도연,60대 이상,학생,user590,pass590
591,윤민정,50대,학생,user591,pass591
592,권혜린,20대,사무직,user592,pass592
593,윤서윤,40대,기타,user593,pass593
594,최도연,30대,학생,user594,pass594
595,김유진,30대,주부,user595,pass595
596,한지후,10대,무직,user596,pass596
597,권지훈,50대,자영업자,user597,pass597
598,이도연,50대,서비스직,user598,pass598
599,장혜린,60대 이상,자영업자,user599,pass599
600,이준형,20대,서비스직,user600,pass600
601,김민수,60대 이상,기타,user601,pass601
602,장도연,60대 이상,사무직,user602,pass602
603,이서윤,40대,사무직,user603,pass603
604,최지원,50대,서비스직,user604,pass604
605,박혜린,40대,무직,user605,pass605
606,임지후,10대,학생,user606,pass606
607,한혜린,30대,사무직,user607,pass607
608,권준형,60대 이상,주부,user608,pass608
609,정서윤,60대 이상,주부,user609,pass609
610,임유진,40대,주부,user610,pass610
611,정민정,50대,무직,user611,pass611
612,김지후,30대,주부,user612,pass612
613,최도연,60대 이상,서비스직,user613,pass613
614,임지훈,40대,기타,user614,pass614
615,윤서윤,40대,무직,user615,pass615
616,윤지원,20대,학생,user616,pass616
617,윤민수,30대,기타,user617,pass617
618,정민정,40대,기타,user618,pass618
619,최서윤,20대,무직,user619,pass619
620,임서윤,50대,서비스직,user620,pass620
621,최유진,40대,사무직,user621,pass621
622,김민수,20대,주부,user622,pass622
623,윤지훈,20대,주부,user623,pass623
624,박유진,30대,주부,user624,pass624
625,최서윤,60대 이상,사무직,user625,pass625
626,한지훈,20대,무직,user626,pass626
627,권지훈,40대,자영업자,user627,pass627
628,최지후,10대,서비스직,user628,pass628
629,박유진,50대,무직,user629,pass629
630,김민정,40대,학생,user630,pass630
631,박준형,40대,기타,user631,pass631
632,한민정,50대,기타,user632,pass632
633,박서윤,50대,사무직,user633,pass633
634,김준형,20대,자영업자,user634,pass634
635,김지후,40대,자영업자,user635,pass635
636,최유진,20대,학생,user636,pass636
637,윤민수,30대,사무직,user637,pass637
638,박민정,20대,자영업자,user638,pass638
639,김준형,30대,무직,user639,pass639
640,정지원,60대 이상,주부,user640,pass640
641,이서윤,10대,학생,user641,pass641
642,임도연,40대,주부,user642,pass642
643,윤지원,30대,학생,user643,pass643
644,권서윤,10대,서비스직,user644,pass644
645,임지원,50대,서비스직,user645,pass645
646,최유진,60대 이상,사무직,user646,pass646
647,김지원,20대,자영업자,user647,pass647
648,장도연,10대,기타,user648,pass648
649,김민수,30대,기타,user649,pass649
650,임혜린,40대,주부,user650,pass650
651,정서윤,60대 이상,자영업자,user651,pass651
652,임도연,50대,서비스직,user652,pass652
653,이서윤,50대,주부,user653,pass653
654,윤유진,10대,무직,user654,pass654
655,박서윤,10대,사무직,user655,pass655
656,박민정,20대,기타,user656,pass656
657,권유진,50대,자영업자,user657,pass657
658,한지후,60대 이상,기타,user658,pass658
659,정유진,60대 이상,학생,user659,pass659
660,한민정,50대,학생,user660,pass660
661,임지원,20대,주부,user661,pass661
662,권혜린,40대,학생,user662,pass662
663,이서윤,20대,학생,user663,pass663
664,한지훈,30대,서비스직,user664,pass664
665,정도연,30대,사무직,user665,pass665
666,최혜린,10대,학생,user666,pass666
667,윤도연,20대,학생,user667,pass667
668,정혜린,20대,기타,user668,pass668
669,이지후,60대 이상,자영업자,user669,pass669
670,정지후,10대,주부,user670,pass670
671,장지후,60대 이상,서비스직,user671,pass671
672,박도연,40대,무직,user672,pass672
673,이서윤,20대,무직,user673,pass673
674,이서윤,60대 이상,주부,user674,pass674
675,정서윤,50대,기타,user675,pass675
676,윤준형,60대 이상,자영업자,user676,pass676
677,한민수,20대,자영업자,user677,pass677
678,권지원,40대,무직,user678,pass678
679,한지후,20대,자영업자,user679,pass679
680,이혜린,50대,학생,user680,pass680
681,윤혜린,30대,무직,user681,pass681
682,김민정,30대,주부,user682,pass682
683,권민정,40대,주부,user683,pass683
684,윤서윤,40대,주부,user684,pass684
685,권지원,50대,사무직,user685,pass685
686,최준형,60대 이상,서비스직,user686,pass686
687,임지훈,30대,학생,user687,pass687
688,이지후,30대,서비스직,user688,pass688
689,한지후,30대,학생,user689,pass689
690,이민정,30대,주부,user690,pass690
691,권지훈,50대,사무직,user691,pass691
692,정지원,40대,기타,user692,pass692
693,권유진,40대,사무직,user693,pass693
694,한민수,10대,주부,user694,pass694
695,권민정,60대 이상,서비스직,user695,pass695
696,김준형,40대,자영업자,user696,pass696
697,장민정,30대,주부,user697,pass697
698,윤지후,20대,무직,user698,pass698
699,김준형,30대,기타,user699,pass699
700,박유진,30대,기타,user700,pass700
701,정서윤,40대,무직,user701,pass701
702,박민수,10대,무직,user702,pass702
703,이지원,50대,무직,user703,pass703
704,최혜린,20대,학생,user704,pass704
705,정도연,60대 이상,서비스직,user705,pass705
706,윤준형,20대,무직,user706,pass706
707,윤민정,10대,자영업자,user707,pass707
708,윤유진,30대,무직,user708,pass708
709,권서윤,50대,기타,user709,pass709
710,김준형,50대,사무직,user710,pass710
711,박유진,50대,학생,user711,pass711
712,김서윤,60대 이상,사무직,user712,pass712
713,장도연,40대,학생,user713,pass713
714,정도연,30대,자영업자,user714,pass714
715,권도연,20대,학생,user715,pass715
716,정민정,20대,자영업자,user716,pass716
717,최지원,30대,주부,user717,pass717
718,이지후,20대,주부,user718,pass718
719,정서윤,40대,학생,user719,pass719
720,장유진,50대,서비스직,user720,pass720
721,임지원,20대,무직,user721,pass721
722,장민수,40대,무직,user722,pass722
723,최혜린,50대,무직,user723,pass723
724,권민수,60대 이상,무직,user724,pass724
725,김지훈,60대 이상,사무직,user725,pass725
726,장지훈,30대,학생,user726,pass726
727,박민정,30대,학생,user727,pass727
728,장지후,40대,무직,user728,pass728
729,이민수,60대 이상,사무직,user729,pass729
730,임혜린,60대 이상,무직,user730,pass730
731,박준형,60대 이상,학생,user731,pass731
732,정지원,40대,사무직,user732,pass732
733,최지원,40대,자영업자,user733,pass733
734,한지후,20대,서비스직,user734,pass734
735,이혜린,60대 이상,주부,user735,pass735
736,김혜린,30대,주부,user736,pass736
737,김도연,20대,기타,user737,pass737
738,이지후,20대,기타,user738,pass738
739,권혜린,60대 이상,무직,user739,pass739
740,권혜린,50대,서비스직,user740,pass740
741,정민정,40대,사무직,user741,pass741
742,이혜린,20대,서비스직,user742,pass742
743,김지후,50대,사무직,user743,pass743
744,박유진,60대 이상,무직,user744,pass744
745,임지후,10대,기타,user745,pass745
746,이혜린,50대,기타,user746,pass746
747,이지훈,10대,서비스직,user747,pass747
748,정유진,10대,무직,user748,pass748
749,정지원,60대 이상,학생,user749,pass749
750,이혜린,10대,기타,user750,pass750
751,장지후,10대,학생,user751,pass751
752,최지후,40대,서비스직,user752,pass752
753,박서윤,20대,기타,user753,pass753
754,한서윤,60대 이상,자영업자,user754,pass754
755,한지원,20대,서비스직,user755,pass755
756,최지후,10대,주부,user756,pass756
757,윤준형,60대 이상,학생,user757,pass757
758,최서윤,20대,서비스직,user758,pass758
759,박민정,10대,무직,user759,pass759
760,최준형,20대,주부,user760,pass760
761,권준형,50대,무직,user761,pass761
762,이준형,40대,학생,user762,pass762
763,임도연,30대,자영업자,user763,pass763
764,권유진,10대,자영업자,user764,pass764
765,임유진,50대,주부,user765,pass765
766,권지후,60대 이상,서비스직,user766,pass766
767,윤준형,60대 이상,학생,user767,pass767
768,임서윤,50대,자영업자,user768,pass768
769,임도연,40대,기타,user769,pass769
770,장민정,60대 이상,주부,user770,pass770
771,권민수,40대,사무직,user771,pass771
772,윤지원,10대,서비스직,user772,pass772
773,이민정,10대,사무직,user773,pass773
774,임도연,50대,서비스직,user774,pass774
775,김민수,50대,기타,user775,pass775
776,윤민정,40대,학생,user776,pass776
777,이서윤,10대,주부,user777,pass777
778,권유진,10대,무직,user778,pass778
779,한혜린,50대,무직,user779,pass779
780,임유진,60대 이상,학생,user780,pass780
781,한민수,30대,사무직,user781,pass781
782,임유진,50대,무직,user782,pass782
783,최지후,30대,주부,user783,pass783
784,권도연,10대,학생,user784,pass784
785,한준형,50대,학생,user785,pass785
786,김도연,60대 이상,기타,user786,pass786
787,이지후,60대 이상,기타,user787,pass787
788,이지원,40대,학생,user788,pass788
789,박민수,20대,사무직,user789,pass789
790,최도연,10대,학생,user790,pass790
791,임지원,10대,자영업자,user791,pass791
792,한유진,50대,서비스직,user792,pass792
793,박지후,20대,자영업자,user793,pass793
794,윤민정,20대,사무직,user794,pass794
795,정혜린,20대,사무직,user795,pass795
796,윤유진,50대,기타,user796,pass796
797,김지후,50대,학생,user797,pass797
798,이지후,30대,주부,user798,pass798
799,이지원,30대,기타,user799,pass799
800,정민정,30대,무직,user800,pass800
801,장유진,40대,무직,user801,pass801
802,박지후,10대,무직,user802,pass802
803,이유진,30대,자영업자,user803,pass803
804,박지후,40대,사무직,user804,pass804
805,장혜린,40대,서비스직,user805,pass805
806,박유진,50대,사무직,user806,pass806
807,이민정,20대,자영업자,user807,pass807
808,한혜린,60대 이상,무직,user808,pass808
809,윤준형,20대,서비스직,user809,pass809
810,한서윤,30대,서비스직,user810,pass810
811,정지원,60대 이상,기타,user811,pass811
812,윤민수,10대,학생,user812,pass812
813,윤민정,60대 이상,주부,user813,pass813
814,박지훈,60대 이상,서비스직,user814,pass814
815,윤도연,10대,학생,user815,pass815
816,최지훈,10대,주부,user816,pass816
817,박준형,40대,무직,user817,pass817
818,이민정,40대,학생,user818,pass818
819,이지원,40대,사무직,user819,pass819
820,한지원,50대,사무직,user820,pass820
821,김지후,40대,기타,user821,pass821
822,권준형,10대,주부,user822,pass822
823,권혜린,60대 이상,학생,user823,pass823
824,박준형,10대,자영업자,user824,pass824
825,박유진,60대 이상,학생,user825,pass825
826,박도연,20대,자영업자,user826,pass826
827,김혜린,10대,기타,user827,pass827
828,윤지훈,40대,서비스직,user828,pass828
829,임유진,40대,기타,user829,pass829
830,장도연,60대 이상,기타,user830,pass830
831,최지원,30대,서비스직,user831,pass831
832,최민정,50대,서비스직,user832,pass832
833,임지훈,10대,학생,user833,pass833
834,윤유진,50대,주부,user834,pass834
835,임도연,10대,자영업자,user835,pass835
836,장혜린,20대,학생,user836,pass836
837,한지원,20대,서비스직,user837,pass837
838,정준형,60대 이상,사무직,user838,pass838
839,최유진,50대,서비스직,user839,pass839
840,박민정,40대,주부,user840,pass840
841,김도연,30대,기타,user841,pass841
842,윤지원,10대,서비스직,user842,pass842
843,이지원,10대,무직,user843,pass843
844,이민정,60대 이상,주부,user844,pass844
845,이준형,30대,사무직,user845,pass845
846,장도연,50대,자영업자,user846,pass846
847,한준형,50대,서비스직,user847,pass847
848,정서윤,60대 이상,주부,user848,pass848
849,최도연,10대,자영업자,user849,pass849
850,윤민수,20대,기타,user850,pass850
851,정민수,30대,기타,user851,pass851
852,정지원,10대,사무직,user852,pass852
853,윤지훈,20대,무직,user853,pass853
854,정서윤,50대,주부,user854,pass854
855,윤지훈,20대,기타,user855,pass855
856,김지후,60대 이상,기타,user856,pass856
857,이지후,40대,사무직,user857,pass857
858,박준형,10대,사무직,user858,pass858
859,김민정,30대,학생,user859,pass859
860,임준형,20대,자영업자,user860,pass860
861,임도연,50대,학생,user861,pass861
862,권민수,20대,사무직,user862,pass862
863,이민수,50대,주부,user863,pass863
864,장지훈,40대,서비스직,user864,pass864
865,박지원,60대 이상,무직,user865,pass865
866,권지원,50대,기타,user866,pass866
867,정서윤,30대,무직,user867,pass867
868,장지훈,40대,학생,user868,pass868
869,장서윤,60대 이상,서비스직,user869,pass869
870,김지훈,20대,학생,user870,pass870
871,정유진,60대 이상,기타,user871,pass871
872,임서윤,60대 이상,무직,user872,pass872
873,이도연,10대,자영업자,user873,pass873
874,권지원,50대,기타,user874,pass874
875,김지원,60대 이상,무직,user875,pass875
876,권지훈,30대,무직,user876,pass876
877,박민정,10대,서비스직,user877,pass877
878,정민수,10대,학생,user878,pass878
879,권지후,40대,사무직,user879,pass879
880,최유진,20대,주부,user880,pass880
881,정준형,10대,사무직,user881,pass881
882,이지원,30대,자영업자,user882,pass882
883,윤서윤,50대,자영업자,user883,pass883
884,한지원,50대,학생,user884,pass884
885,한지원,50대,사무직,user885,pass885
886,한민수,40대,무직,user886,pass886
887,정도연,30대,서비스직,user887,pass887
888,김혜린,10대,학생,user888,pass888
889,윤민정,60대 이상,학생,user889,pass889
890,김지후,30대,사무직,user890,pass890
891,이지후,40대,기타,user891,pass891
892,최서윤,40대,주부,user892,pass892
893,권지후,20대,자영업자,user893,pass893
894,박민수,30대,무직,user894,pass894
895,윤지원,50대,서비스직,user895,pass895
896,윤준형,40대,자영업자,user896,pass896
897,임도연,40대,무직,user897,pass897
898,박준형,20대,학생,user898,pass898
899,이도연,60대 이상,주부,user899,pass899
900,김민정,50대,학생,user900,pass900
901,최민수,60대 이상,주부,user901,pass901
902,최민수,40대,사무직,user902,pass902
903,윤민정,10대,무직,user903,pass903
904,한혜린,50대,기타,user904,pass904
905,한도연,30대,자영업자,user905,pass905
906,장민수,20대,학생,user906,pass906
907,최민정,60대 이상,주부,user907,pass907
908,윤민수,10대,주부,user908,pass908
909,윤민정,10대,학생,user909,pass909
910,이지후,30대,자영업자,user910,pass910
911,정혜린,20대,무직,user911,pass911
912,임혜린,40대,사무직,user912,pass912
913,윤준형,60대 이상,사무직,user913,pass913
914,임도연,60대 이상,서비스직,user914,pass914
915,윤지원,20대,서비스직,user915,pass915
916,장서윤,60대 이상,기타,user916,pass916
917,정서윤,40대,서비스직,user917,pass917
918,정유진,30대,기타,user918,pass918
919,박지원,30대,자영업자,user919,pass919
920,장지후,10대,무직,user920,pass920
921,이서윤,10대,기타,user921,pass921
922,윤민정,10대,무직,user922,pass922
923,장도연,30대,서비스직,user923,pass923
924,권혜린,40대,서비스직,user924,pass924
925,박도연,30대,자영업자,user925,pass925
926,윤도연,30대,서비스직,user926,pass926
927,김지후,10대,사무직,user927,pass927
928,권혜린,20대,학생,user928,pass928
929,장민수,10대,사무직,user929,pass929
930,이혜린,20대,사무직,user930,pass930
931,윤지원,40대,기타,user931,pass931
932,박민수,40대,기타,user932,pass932
933,박유진,50대,주부,user933,pass933
934,임민수,50대,학생,user934,pass934
935,박서윤,50대,사무직,user935,pass935
936,최지후,40대,학생,user936,pass936
937,윤혜린,10대,사무직,user937,pass937
938,권민수,10대,자영업자,user938,pass938
939,권준형,10대,자영업자,user939,pass939
940,임지후,30대,서비스직,user940,pass940
941,윤도연,50대,자영업자,user941,pass941
942,이유진,10대,학생,user942,pass942
943,박지원,50대,주부,user943,pass943
944,윤혜린,50대,서비스직,user944,pass944
945,윤민정,30대,기타,user945,pass945
946,최서윤,40대,사무직,user946,pass946
947,김준형,10대,자영업자,user947,pass947
948,임지원,30대,서비스직,user948,pass948
949,정지원,40대,자영업자,user949,pass949
950,이민정,40대,서비스직,user950,pass950
951,장도연,10대,기타,user951,pass951
952,최유진,60대 이상,학생,user952,pass952
953,장도연,50대,학생,user953,pass953
954,최서윤,20대,사무직,user954,pass954
955,박서윤,50대,기타,user955,pass955
956,임준형,50대,무직,user956,pass956
957,임서윤,20대,서비스직,user957,pass957
958,윤지후,60대 이상,기타,user958,pass958
959,이지원,40대,무직,user959,pass959
960,한민정,20대,무직,user960,pass960
961,장준형,20대,주부,user961,pass961
962,박지후,30대,학생,user962,pass962
963,한지훈,30대,사무직,user963,pass963
964,이지훈,30대,기타,user964,pass964
965,박지훈,40대,기타,user965,pass965
966,임민수,20대,서비스직,user966,pass966
967,윤지원,10대,사무직,user967,pass967
968,권지후,20대,학생,user968,pass968
969,임지원,40대,무직,user969,pass969
970,박유진,30대,사무직,user970,pass970
971,이서윤,40대,서비스직,user971,pass971
972,장혜린,30대,자영업자,user972,pass972
973,임지원,40대,주부,user973,pass973
974,정혜린,10대,학생,user974,pass974
975,권서윤,30대,무직,user975,pass975
976,박지후,30대,서비스직,user976,pass976
977,이도연,20대,서비스직,user977,pass977
978,임지원,60대 이상,기타,user978,pass978
979,윤준형,60대 이상,사무직,user979,pass979
980,한유진,40대,학생,user980,pass980
981,박준형,50대,자영업자,user981,pass981
982,정지원,50대,기타,user982,pass982
983,김서윤,20대,자영업자,user983,pass983
984,한준형,40대,주부,user984,pass984
985,장준형,10대,무직,user985,pass985
986,박지후,20대,주부,user986,pass986
987,최지후,30대,사무직,user987,pass987
988,한민정,10대,학생,user988,pass988
989,이민정,40대,자영업자,user989,pass989
990,최지원,30대,학생,user990,pass990
991,장준형,50대,기타,user991,pass991
992,장유진,40대,기타,user992,pass992
993,한서윤,30대,사무직,user993,pass993
994,한준형,40대,학생,user994,pass994
995,권유진,30대,학생,user995,pass995
996,박준형,40대,학생,user996,pass996
997,권유진,60대 이상,기타,user997,pass997
998,윤유진,50대,기타,user998,pass998
999,김민수,20대,사무직,user999,pass999
1000,이민수,30대,사무직,user1000,pass1000
